format	nextcloud-pi-bundle-manifest-v1
version	1
# file<TAB>logical-name<TAB>repository-path<TAB>installed-path<TAB>mode<TAB>sha256
file	privileged-helper	privileged/nextcloud-pi-ops	/usr/local/libexec/nextcloud-pi-ops	0700	a6a5a73bce3ff9119584ce3ad0de88c7a6d0508ac08c152e25d69eb4c2d9fbdd
file	active-image-validator	systemd/nextcloud-pi-validate-active-images	/usr/local/libexec/nextcloud-pi-validate-active-images	0700	9e454ad92761a94be29c8d3defa15dfbacee583474fc7240954b5ddc76a59d48
file	compose-launcher	systemd/nextcloud-pi-compose-start	/usr/local/libexec/nextcloud-pi-compose-start	0700	7441de951b07ac17ac80150b98458ea968b94e7576cdfc0c1889f8735da65c20
file	background-jobs-runner	systemd/nextcloud-pi-background-jobs	/usr/local/libexec/nextcloud-pi-background-jobs	0700	e3eb267d8bff138841ac22662059447206af733ffe9116bab32c1598b34f6b10
file	nextcloud-unit	systemd/nextcloud.service	/etc/systemd/system/nextcloud.service	0644	e6a59c79dfafea05f145932a1f59a0fa626879ddf812687934d50de9e00cfcd0
file	background-jobs-unit	systemd/nextcloud-background-jobs.service	/etc/systemd/system/nextcloud-background-jobs.service	0644	8faec96e8f19ddf921d14361084eac56ed7cd22d333cb7141c3b928f9507dca8
file	background-jobs-timer	systemd/nextcloud-background-jobs.timer	/etc/systemd/system/nextcloud-background-jobs.timer	0644	b3da99d0d3cec724cb0f4c8f493a288e47b48d0926c1034fadf55754e5a6f928
file	docker-storage-drop-in	systemd/docker.service.d/nextcloud-storage.conf	/etc/systemd/system/docker.service.d/nextcloud-storage.conf	0644	47545cb11b62bef26e5dc368d79c25d7122648da02b66bd589362ce2341e733c
